layer_index,expert_0,expert_1,expert_2,expert_3,expert_4,expert_5,expert_6,expert_7,expert_8,expert_9,expert_10,expert_11,expert_12,expert_13,expert_14,expert_15,expert_16,expert_17,expert_18,expert_19,expert_20,expert_21,expert_22,expert_23,expert_24,expert_25,expert_26,expert_27,expert_28,expert_29,expert_30,expert_31,expert_32,expert_33,expert_34,expert_35,expert_36,expert_37,expert_38,expert_39,expert_40,expert_41,expert_42,expert_43,expert_44,expert_45,expert_46,expert_47,expert_48,expert_49,expert_50,expert_51,expert_52,expert_53,expert_54,expert_55,expert_56,expert_57,expert_58,expert_59,expert_60,expert_61,expert_62,expert_63,expert_64,expert_65,expert_66,expert_67,expert_68,expert_69,expert_70,expert_71,expert_72,expert_73,expert_74,expert_75,expert_76,expert_77,expert_78,expert_79,expert_80,expert_81,expert_82,expert_83,expert_84,expert_85,expert_86,expert_87,expert_88,expert_89,expert_90,expert_91,expert_92,expert_93,expert_94,expert_95,expert_96,expert_97,expert_98,expert_99,expert_100,expert_101,expert_102,expert_103,expert_104,expert_105,expert_106,expert_107,expert_108,expert_109,expert_110,expert_111,expert_112,expert_113,expert_114,expert_115,expert_116,expert_117,expert_118,expert_119,expert_120,expert_121,expert_122,expert_123,expert_124,expert_125,expert_126,expert_127
0,0,0,0,0,0,0,0,0,0,0,0,0,0,0,0,0,0,0,0,0,0,0,0,0,0,0,0,0,0,0,0,0,0,0,0,0,0,0,0,0,0,0,0,0,0,0,0,0,0,0,0,0,0,0,0,0,0,0,0,0,0,0,0,0,0,0,0,0,0,0,0,0,0,0,0,0,0,0,0,0,0,0,0,0,0,0,0,0,0,0,0,0,0,0,0,0,0,0,0,0,0,0,0,0,0,0,0,0,0,0,0,0,0,0,0,0,0,0,0,0,0,0,0,0,0,0,0,0
1,55398.8,16434.5,23395.2,42632.4,21919.7,23317.5,28726.9,24339.3,16168.1,23373.5,28141.6,26466,38584,22881.8,23475.1,25431.3,31814.9,34428.3,22816,28189.7,15016.8,27602.2,33543.1,44447.6,11963.4,23902.1,33525.7,23550.3,24117.2,24215.4,26574.8,36317.1,29661.7,23134.4,35467.7,14884.7,23703.4,18118.1,23575.2,19479,59742.5,19069.6,23879.5,19147.5,27272.3,24971.5,33815.9,43309.1,25611.7,40940.4,25187.8,24561.5,23550.1,27508,21520.6,53627,22129.9,23211.7,37757,14181.4,31361.2,24655.4,22957.3,27370,17732.5,27866.4,28535.3,27995.4,38044.1,27670.5,37986.8,29536.1,7311.97,31556.2,35042.1,44783.8,25760.8,34486.1,30577,28980.4,24497.9,28643.8,25193.8,22258.7,47787.7,41276.3,30639.8,23774.5,23427.9,38610.6,9191.96,24576.2,28841.3,22777.1,24061.7,31245.4,19264.2,23621.6,12198.7,23714.6,27618.8,34300.6,27819.2,51414.9,18802.3,30021.4,7181.69,23378.4,26233.5,26518.2,46331.4,18764.1,20047.8,15011.3,33803.6,38421.1,20715,14989.2,26402.5,36607.9,26461.6,40295.1,23228.1,33836.2,26824.7,30579,29966.6,36252.1
2,63160.3,34733.1,22948.7,29189.3,28208.7,58937.9,58454.3,15705,49770.8,26191,21555.3,22483.7,11611.1,63361.6,31771.1,22181.5,20807.2,36295.3,15642.5,23304.9,20950.1,23892.9,25159.8,43987.6,31324.4,11029.8,33605.1,53094.2,22871.8,28283.7,27719.3,20576.8,22238.9,46471.4,10657.4,30295.8,52906.7,15502.1,51664.4,20895,9427.7,12275.7,17669.3,20547.5,10668.1,26806.1,20500.5,21037.3,39526.3,24080.4,87903.6,21288.9,15581.1,19342,25244.6,22653.6,32137.4,22679.6,43477,54442.8,19081.9,10338.3,17507.6,22567.7,19342.3,22567.2,24220.8,21117.5,28118,41753.7,36194.5,23387.9,22790.9,21200.9,31603.4,31673,36535.8,26310.5,30808.2,16797.6,28830.2,41499.3,32010.9,21341.2,24832.1,21369.7,25162.4,22790.4,7394.79,26822,15754.8,10536,27994.3,29063.6,43704.7,35304.2,24627.8,39663.8,23888.4,27517.6,20893,45666.2,28124.6,20230.7,18158.5,19236.5,30808.8,24683.5,25441.9,31997.9,27509.3,16173.7,16536.4,42864.5,24570.9,18809.2,16747.6,25464.7,22318.2,30332.8,19873.8,17835.1,34796.1,39758.8,46283.7,23183.4,19440.1,20873.1
3,49859.1,49031.9,18535.7,25984.4,21354,41699.5,22017.9,22333.4,17982.9,19968.9,50259.7,23299.5,41188.2,20687.9,56742.2,23221.4,31600.9,16286.6,24622,26024.5,9396.11,7826.09,23653.7,25219.7,16937.4,31317.7,33661.7,37876.7,17490,24642,26781.7,18351.8,8673.24,18159.2,13887.5,26072.2,40295.2,16886.1,45634.6,18966.5,19816.2,8937.15,24372.3,23497.7,42553.5,32618.2,10175.8,23447.4,50570.9,11523.1,22687.1,9817.62,30846.2,8992.53,40621.4,37453.4,17106,19845.9,18813.6,14247.6,18221.8,28522.7,41572.3,24132.4,33173.4,35100.5,31690.2,16856.5,22246.4,23117.2,21785.6,51619.5,19126.5,27754.3,14013,31796.3,32564.2,24784.3,19676.2,19675.5,30531.6,22048.4,37763.7,16421.5,35546.7,16533.8,54980.5,32784.5,35026.7,26282.4,18662.8,41202.9,15662.2,29942.9,24193.6,24207.2,25360.4,15253.8,24219,38824.4,37520.1,28042.4,36789.3,94618.5,51306,14625.6,56911.3,25726.5,29308.4,15039.8,24712.4,69808.7,18078.7,22257.4,24967.9,36417.9,23634.2,82171.4,32757.2,22096.8,20686.6,18134.3,24052.8,23053.5,20839.4,18703,11699.6,40158.1
4,33956.3,25855.6,21164.4,31777,61757.8,59191.3,52549.2,22876.2,42723.3,26890.1,16852.2,27174.8,49328.4,38631.8,16741.4,19753.5,19217.2,28250.3,53133.6,21008,57444.9,20225.9,55391.3,28429.3,18227.5,47088.8,21433.1,25664,42914.8,7839.62,19260.4,24048.4,27796.5,17533.2,45725,12424.2,12348,15919.7,16335.7,24189.2,38763.8,13695.2,14143.9,27684.7,22617.9,9830.92,15720.7,11716.8,14701,37873.6,22937.7,27463,16677.1,22414,61041.7,27839.4,21218.6,24133.4,26936.2,22587.1,18824,12259.4,20004.7,23781,47746.1,13048.3,11284.1,23463.6,45499.3,17765.7,16942.1,34750.1,39564.9,23182,26881.9,18302.6,25617.5,35576,22350.3,17497.3,40542,20721.8,23393.4,73391.7,17423,19561.2,27542.6,32580.7,23119.3,25962.9,50670.4,33046.8,11520.3,18896.7,18774.1,11762.3,21161.5,45497.9,25650.9,73755.6,19781.9,19078.3,21368.2,46707.3,11763.9,27931.6,31704.4,14545.5,34325.5,43261.9,17862.1,12674.2,28288.8,10562.7,30681.2,44733,29891.2,23460.1,33240.6,12333.9,54555.1,18772.4,21536.8,24239.5,15920.9,49503.5,24583.9,37675.8
5,35700.1,27499.1,6899.54,10009.5,15124.9,20975,12895.5,28477.4,24071.8,16017.6,20858.8,11602.5,25297.6,10844.1,88849.6,17191.6,16808.5,22620.3,41641,30555.4,45695.6,23948.4,56049.9,31341.7,20689.2,17271.8,20157.7,17391,13954.4,12150,98300.5,24494.8,17046.7,26432.1,39979.5,34879,21634.6,27653.3,32103.3,29443.7,33412.9,53735.6,16415.3,19290.8,31966.5,35115.5,24428.4,34234.2,11993.8,35487.7,12491.8,23807.3,28253.1,20759.2,29003.5,24557.4,28677.7,48763,26277.3,45371.6,19144.3,23400.2,38147.7,22323.9,23641.2,33284,37883.3,34875.1,40182.3,77678.9,51231.5,32164.5,14020.2,12367.4,26308.2,16831.2,33652.5,25789.3,8234.8,17808,28373,17559,25882.7,24571.6,19063.2,30425.3,37019.4,11079.4,14720.6,11296.3,8949.5,29903.2,13211.7,10321.6,35947.3,18350.9,48763.3,47230.7,33059.6,31494.5,60002.8,10558.4,23163.9,15580.1,10675.3,34913.8,55744.1,24985,21425.8,26579.3,27536,18503.6,16332.2,23813.3,18814.1,29591.5,29205.1,21712.7,11024.6,64184.4,14307.1,26926.6,27312.7,80096.8,14575.6,20799.9,27004.8,39209
6,89645.6,8170.07,17260.9,23123.7,34091.4,21715.7,20630.7,6556.38,20592.9,28750.8,17239.7,23824.5,7622.2,33070.9,22571,32921.2,35651.3,54725.7,32327.5,27439.8,27727.9,16138.5,34080.7,49039,11081.2,33940.7,40715.9,25870.4,18416.7,6825.27,10743,28577.6,107684,23582.5,30160.3,44560.1,52769.3,6531.45,41167.3,17324.5,26319.8,42273.7,22577.4,14845.2,14515.8,45806.5,23406.6,31868.7,37464.2,34217.6,18064.6,27105.5,20290.7,24980.5,24246.9,21276,31874,35160.6,58422.4,10859.4,13937.7,35947.1,13337.2,18090.6,38412.1,20621.6,9762.48,11769.9,42094,18910.8,49235.1,32110.4,74092.7,20429.9,35201.9,36006,19801.4,26075.6,24582.8,20977.9,35167.8,14592.7,45242.5,31664.2,10328.7,52818,28954.1,20574.2,22207.1,36456.8,8572.28,39562.8,9436.75,11845,24413,24129.4,35986.5,17483.6,32987.1,1649.87,23641.5,38567.9,64456.8,15829.9,22106.7,27472.9,46281.6,7144.5,63047.1,19319.4,18456,24877.9,8917.97,29880.4,20843.5,24006.7,15665.8,13361.3,15125.5,55480.9,20354.1,12683.3,21351.9,28538.9,20971,13703.2,32496.8,38872.1
7,18172.7,44604.6,60417.1,22822.4,14243.4,16700.9,37144.6,11765.7,14308.9,41402.4,14801.7,14691.8,14487.4,42683.5,49870.6,42129,21628.4,11821.7,46035.3,17815.4,10938.2,40870.4,44000.8,12506.3,108322,99393.9,17360.6,24083.1,15161.1,21492.9,25962.4,33766.9,27932.2,21784.9,11875.1,32686.1,19941.5,38790,19713.5,29876.3,27266.6,24603.8,23489.9,20851,29276.3,5763.62,16892.4,40956.5,26138.6,7726.07,21211,25751.5,30022.8,30789,22976.6,26125.7,22672.9,21049.7,29035.5,72861.5,18906.6,15062.3,34588.2,24862.2,15667.8,107890,10837,19222.5,18235.9,41433.4,12974.5,12319.4,17923.5,25778.5,64416.9,13923,25011.1,43912.6,8358.57,10848.2,23901.6,29744.6,82916.7,14927.1,49729,28869.1,22363.1,10354.6,21407.6,8792.41,23758.2,22493.8,19929.4,18237.9,33207.9,11577.1,19685,14730.6,42999.9,39154.5,30941.6,14125.2,30503.4,44941.9,27413.5,24675.2,20007.9,39360.3,37733.2,26787.2,6669.48,38494,33490.3,14886.5,27796.3,18281.4,66094.7,31550.5,27188.7,24506.9,15598.3,14782.5,41324.2,11280.8,27798.2,13471.8,17103.2,12142.2
8,25404.5,34781.2,61935.9,13072.4,14328.2,59186.9,15719.5,22796.9,19125.9,73300.9,39501.5,27588.2,8202.15,42691.4,24756.4,30067.6,11733.9,62670.8,21882.9,18774.1,15111.1,23281,7812.05,16656.9,24668.5,16022.6,53271.2,23847.1,18516.4,23393.4,17323.2,12921,35675,19002.5,26039.7,12297,38031.5,32590.4,25856,25151,8369.16,20663.6,44426.8,4142.42,39147.6,31962.6,25829.6,43913.8,10456.9,13086.2,13332.5,7473.93,54574.9,31593.6,26317.3,40333,13484.9,30711,18012.3,13385.6,20058.4,17496.2,14084.8,32036.4,29098,7590.57,28936.1,46223.2,20247.3,14212.6,16661.5,59600.3,26178.5,41461.2,16115.9,20356.8,9307.21,48509.5,20993.6,25984.8,12952.3,23207.9,20797.6,6919.21,51219.4,16072.5,27373.3,39578.5,23095.1,13398.8,68741.3,13538.2,52692.7,14485.5,24776.5,19576,63768.1,52823.2,31789.5,28956.9,19552.5,13618.6,11691.2,21088.7,20732.1,51554.8,40722.4,12473,15455.8,16050.7,63255.7,15910.6,56607.4,75403.4,28073.8,54579.2,17687.1,25855.9,26332,11937.8,10598.2,34257.1,61657.1,28505.9,55803.6,33522.6,9700.03,19620
9,13776.9,21335,49838.3,15832.1,21670.8,49164.8,18001.3,30557.2,12406.3,20510.1,32926.4,42164.1,22111.1,20495.2,9167.05,24636.2,23394.2,11003.9,114503,30063.7,14741.6,19800.5,23675,26682.6,26277.5,9771.35,36239.6,7708.77,4209.81,8107.7,11034.6,17928.6,15764.5,41439.8,11496.9,28367.9,75583.6,30786.3,26134,12764.5,27041,26165.8,32116.7,39128.2,47828.2,12696.3,12312.3,65127.7,33963,115909,46205,28933.5,70021.6,15406.6,32799.5,29761.5,13323.1,26717.7,22000.4,17133,22452.1,16300.9,10199.4,11314.3,17395.7,18544.2,39076.7,12442.9,47255,53683.2,29216.2,10906.9,65789.9,53749.5,13330.6,13224,24495.8,28936.5,76650.1,30094.6,47600.5,10648,23178.4,5555.6,21655,18536.8,13807.2,50209.2,12557.5,24735.7,28930.5,16633.4,50503.7,18655.1,11609.4,28651.6,25890.3,60302,24817,58013.9,29644.4,35230.9,20826.6,38669.3,11873.4,39408.6,15094.1,21488,14921.4,14087.2,24409.8,17145.2,18240.8,28704.8,58650.2,46641.4,29312.9,36419.8,13142.1,11419.7,13924.9,21806.9,10924.8,20739.5,8982.6,14767.5,26263.9,22416.5
10,9022.26,77489.2,42289.3,16142.5,6634.34,161733,29805.4,20474.8,17738,14806.6,5312.12,128570,21297,21557.7,9323.09,42762,39271.9,29075.2,9833.37,18490.4,32939.3,36553.9,18880.6,22577.1,22575.9,19755.6,10395.4,14252.8,23626.6,20844.8,36049.5,23966.9,30121,7076.66,50507.3,15765.7,18546.9,11749,7247.32,32069.5,38112.9,6683.29,35892,15797.5,64399.3,20618.8,4912.09,23556.9,6919.92,32349.9,15196,9271.04,29823.2,22201.9,23187.3,16290.2,4241.74,39659.2,30861.9,5937.66,19730.3,19949.3,14833,93856.5,27220.9,12506,27976.1,2947.18,17839.8,19006.1,21197,34791.5,48710.5,28657.9,30950,42121.3,12122.7,31946.5,17593.6,38232.9,37118.9,29347.7,28307.1,11676.8,30925,43779.1,20374.1,33296.1,13638.5,10928.1,16563,52811,16963.7,19230.2,16458.2,10782.7,34117.3,10091.5,11668,140388,105064,19108.1,45315.3,13267.9,14979.6,44781.8,8804.31,40983.8,74756.5,26383.8,8282.86,15454.5,15144.8,42030.6,19765.6,25330.8,13988.3,14949.1,5483.52,23353.6,13596.1,54190.6,19139.1,33648.3,12435.4,21493.3,18351.3,35589.7
11,22990.3,22651.7,8030.38,12770.1,7337.63,52151.1,19700.4,6168.49,10451.8,26470.2,5243.25,8625.58,21430.4,22302,39448.9,18279.7,7278.59,49637.9,14457.5,44028.8,42775.7,45504.8,10922.8,42607.5,9313.7,13720.3,14121.3,47101.3,20838.1,24151.1,17758.8,5729.37,29718,18192.7,23153.7,21533.7,23717.6,17359,17409.8,25007.9,18259.4,30509.3,24412.7,18958.4,18887.1,39122.5,19772.6,36606.9,7447.55,15922.8,8591.2,25167.4,49007,92741.7,30372.5,11726.5,13111.9,15395.6,38482.9,33468.5,54422.9,15889,23302.4,24750.6,22876.9,9313.41,64852.6,36605.3,43509.5,47968.5,19337.3,11791.7,12261.1,16292.6,14888.4,23610.2,14368.2,23938.2,75749.5,13047.2,32152.5,37542,25159.2,34300.1,49867.4,13290.6,14105.2,20518.3,8969.64,35770.4,31476.8,16768.8,46019.1,15905.7,35282.8,75223.4,8470.35,17300,32852.6,15807.1,12466.7,44381.1,20759.1,21329.1,27731,40994.6,70946.1,12757.2,16685.4,7695.82,22532.3,14701.4,29906.5,10061,32296.2,42050.3,39258.2,13416.3,38964.9,42444.5,22981.9,7322.26,236872,19288.1,18376.1,40418.8,74394.7,4723.56
12,37915.2,8363.15,23310,33840.2,23017.8,24950.4,16345.9,21533.9,30634.3,14059,21133.2,10533.4,34271.5,15017.9,22798.5,38224.8,40597.5,19584.7,18733.9,27463.8,24771.9,50870.5,87211.7,77787.9,22164.2,19800,72280.1,16563.4,14190.4,37486.7,7348.66,12433.3,10262.1,117117,18867.9,65245.1,30411.4,33900.6,34081.7,10029.7,20265,11931.1,20956.4,26274.1,29053.9,29371.5,42256.5,20340.4,10736.9,94855.3,40486.8,40385.3,34233.2,29681,48933.3,31492.1,9317.22,13182,47360.3,3334.92,9219.15,17311.7,7728.53,17541.2,69479.7,7564.07,3545.25,15028.1,9420.63,52185.3,13333,11788.6,33816.5,41898.9,12347,9191.58,62991.7,19351.3,13208.5,11491.1,20755.9,40889.5,20149.1,16686.4,24595.1,16862.9,9780.19,22193.8,7177.68,16508,25882.5,20314.8,6380.38,37470.1,20019.1,46182.1,16728.8,39075.1,73717.6,36527.4,30038.7,31322.7,20516.8,35968.2,34348.8,26229.8,21517.2,40304,19571.2,41534.7,11319.2,10002.3,13042.6,65021.5,12326.7,24954.8,30883.7,12513.3,36744.6,32968.4,17878.7,29556.1,30472.9,30333.9,24972.8,26100.8,11770.7,31215.1
13,89409.1,11923.2,17684.5,33801.4,52074.4,15648.3,55498.6,20466,38781.6,14926.2,29060.1,21558.7,5395.64,27037.5,20179.8,39619.9,26167.1,24519.6,37976.5,47559.1,18545.4,4222.53,20929.6,22160,18438,35216.1,11236.9,9739.67,29402.3,13401,24528.8,174606,23046,17334.2,9678.9,21589.6,20135.5,24906,37994.9,41808,23587.2,10478.4,108184,29022.4,19075.2,14057.3,25603.2,31645.9,36945.3,13421.8,7623.22,12527.3,12599.8,14026,4492.73,34286.2,39137.6,5711.41,23142.7,28293.7,7580.71,14474.3,12662.7,23713.8,25057,8548.54,10211.3,60703.2,129422,54678.4,31456.9,17677.5,23765.7,31916.8,69756.3,23242.2,6185.94,36988.3,54998,15768.9,37071.1,12753.2,61936.8,20692.1,19473.1,23003.2,41546.4,14624.9,28656,40151.1,24374.5,15898.9,35952.6,3461.19,9712.07,27320.9,36567.5,16986,22375.8,8017.57,30674.7,6166.87,30159.4,14201.4,7055.98,10663.7,92954.8,5381.75,17176.3,6731.83,30253.1,5335.8,11200,13777.6,46597,8590.34,11376.2,37953.4,8448.14,6775.18,51241.2,12601.5,68439.7,69882.7,25986.1,16068.4,11007.9,41215.9
14,25238.5,9590.91,34040,22377,18899.5,11190.4,17212.4,29060.4,21649.9,63313.8,3283.57,28645.6,34648.7,12870.9,12898.2,26014.1,10408.8,30811.2,21811.4,15817.6,28878.4,7278.39,10935.8,18654.9,2116.11,18203.4,72624,38653.4,4736.02,8859.68,40657.6,59609.9,12566.5,24204.4,41352.9,35946.4,29805,6626.49,112754,39141.2,11294.9,7601.03,24859.4,6330.07,59743.8,12661.4,29007.2,27266.9,5298.81,25562.4,53213.4,12600.9,42986,12087.5,31299.5,55157.7,26075.6,22821.9,16375,24772.5,39821.2,47372.5,5641.99,34304.2,29172.5,23461.5,30866.2,27766.7,51796.1,14451.3,7113.35,5014.04,37105.8,31303.2,11858.4,74135.6,15762,14574.5,5374.32,25945.5,15197.5,28314.8,109347,38519,13536.9,77041.4,157236,4928.75,26110.3,67160.3,42934.7,22636.3,12508.8,31684.4,16914.8,61434,9002.64,15161.6,6075.95,24759.6,39136.6,17294.8,21850.1,32819.6,21807.5,8902.2,55966.7,15295.6,12244.7,49146.5,24168.3,34936.5,42738,9726.04,13383,14886,8661.24,30986.3,17973.4,7190.01,9276.76,19336.1,24457.8,67994.4,19568.6,10910.1,19645.1,25317.7
15,24895.2,9725.35,9690.11,14795.5,19507.5,47026.9,58756.5,26596.9,25968.4,50451.2,17528.2,11708.1,21232,23910.4,22948.1,53403.3,10119.8,18151.8,31944.4,10384.7,24265.2,11124.9,24785.9,3450.12,110108,25317.2,43140.9,29526,38059.3,38359.3,20790.6,46841.8,16945.3,13398.6,35839.5,13456.7,63005.6,10396.1,17087.4,50347.7,7127.22,12204.2,6763.57,27107.1,84567.9,18591,72201.6,22568.3,29664.6,22206.2,8143.24,23581.4,24965.8,35895.5,20363,32576.5,14373.6,6042.7,16724.5,19236,37284.2,3263.3,38386.8,22087.9,23015,25415.6,7113.99,56732.8,5036.85,40705.3,18148.5,29129.8,4933.97,20018.7,18022.9,33246.6,9767.35,17976.6,29908.8,30027.9,11412.9,22218,7294.01,18229.1,19338.4,13183.1,17134.4,20135.9,10177.4,12316.3,68334.8,20595.4,77695.7,27275.7,12272.5,24905.3,31750,43794,6941.09,11241.8,24802,4342.68,53859.6,58392.6,45916.1,10553.9,31743.6,7781.32,31271.2,37830.8,20297.6,29393.8,13714,20472.9,71805,60392.1,19305.5,22720.3,16015.5,49740.1,8901.28,52758,17513.6,42289.5,64101,52055.8,10803.9,84232.3
16,13111.3,32954.4,17198.6,12830.5,25475.6,16256.3,12462.1,10758.4,14025.4,31849.6,56678.1,12054.6,27292.2,22063.2,36946.5,25330.8,92698.6,11745.4,27089,4273.84,7096.34,26887.3,25205.3,12414.2,33850.7,42651.1,10478.9,10941,24377.5,42066.2,40003.6,56113.8,12073.5,24398.8,7850.32,11426.5,34268.6,3598.4,94340,40187,20772,11051.9,24728.8,21921.7,10803.9,33087.3,38539.6,20140.7,20444.6,11637.3,38470.8,8812,24297.3,14358.9,21227.6,1755.43,27929.9,21067.1,22329.6,45687.8,18347.2,34805.5,22777.2,12440.4,32305.3,14978.6,19858,32909.9,15716.9,20280.9,39164,9877.79,13184.5,91622.8,29729.5,18950.2,15114.9,10025.3,37696,36027.5,33035,36081,31802,19743.6,15752.6,35618.7,14404.2,30603.9,18740.8,85114,21049.7,114624,15909.5,37437.7,35398.4,22413,33780.7,15788.8,36510.4,154760,15052.1,21347.1,7152.89,44203.2,36471.5,21559.1,68644.4,11087.7,51766.3,15046.2,15753.6,13188,12818.1,15726,89444.7,12924.3,36797.9,20886,20394.9,34684,5112.88,29201.3,24287.4,8387.23,15406.5,35348.6,22479.4,17429.7
17,18435,29514,11548.8,15837.2,19638,98333.2,38338.7,25607,24798.1,23557.1,24380,59694.2,26715,11701.5,34740.3,12743.9,15780.5,20269.1,24592.6,8800.19,13160.6,31057.3,19124.7,16279.6,18023.6,25191.8,22449.8,11032.3,99394,14736.7,8819.45,12882,20070.2,9192.21,43614.4,3047.48,4670.56,48597.7,12139,15691.4,18550.6,18012.2,14107,111007,25422.1,11580.3,97540.7,2693.43,25628.2,29924.4,27937,19340.4,11383.7,26013.5,21102.6,20446.4,9191.04,36406.4,9335.81,20927.5,42607,77623.2,8601.01,54871.1,30554.4,102626,10284.6,14845.8,38251,23930.8,31603.2,19011.7,7375.64,6087.12,25308.3,19259.8,11760.8,31897.3,15667,34619.1,11312.8,11572.7,14214,28984,13563.9,23491.2,33774.7,9370.41,12392.6,19427.6,33904.3,15179.3,8736.84,26256.2,23830.7,108990,15791.3,41798.5,9143.97,56236.1,26051.4,30799.2,16226.8,52594.4,24699.6,39302.5,34603.2,9317.78,34753.9,24381.2,17899.8,13556.7,28146,69442.6,42310.4,40026.4,45701.7,18879.8,37493.5,11453.1,24960.3,7469.4,80324,25210.7,14812,34766.7,54783,23898
18,23154.9,42103.9,32651.3,19870.6,83615.9,34422.9,18840.8,21417.7,31946,12716.5,27035.6,20790.5,18532.6,11189.6,7046.77,26017.6,16935.4,6648.92,7231.83,21155.7,30486.6,66866,27069,11927.6,11833.7,21537.7,17784.8,8975.09,22226.5,21865.9,6155.42,22297.5,35506.9,31739.1,42930.8,24368.9,24191.7,18664.3,34643.1,30622,37290.8,27854.2,27395.8,14118.6,60561.3,20490.7,27991.7,31914.2,7830.8,35364.3,71845.8,20216.4,9932.07,78938,36425,37395.6,18366.7,30876.9,67031.4,7692.89,7885.54,29410.8,21885.3,17783.8,46856.8,39341.3,10357.5,25677,40830.7,30581.8,35412.8,35421.7,25390.1,38161.7,23626.1,17135.1,75785.6,15261.3,58728.2,7964.83,8772.7,15641.4,22960.2,2739.46,25685.4,35413,65460.3,68366.2,14346,39937.7,35552.4,37562.5,27310,16108.1,19493.6,43315.5,17626.1,13884.9,21176.3,6751.68,35657.6,16807.3,22920,35626.9,21640.1,22229.9,7451.15,100462,19330.7,26702.2,18640,63892.2,11605.5,44221.3,15152.9,11816.6,48000.3,35622.5,23580.4,9593.01,5439.98,15506.9,7266.59,24416.4,17280.3,38109.6,30827.9,23416.3
19,24873.8,16162.4,23470.6,22376,26374.2,46020.6,16792.8,25808.2,27314.7,6591.35,20463.3,27859.5,121285,29633.2,18062.7,27711.4,14708.6,25838.2,31896.4,12853.7,11496.1,22344.9,9311.25,23531.6,75889,8714,10656,62327,13980.1,18742.9,31140.9,34298.1,26980.1,24324.5,14740.9,15472.8,103435,24516,25237.2,55418,33126.4,17684.5,23178.6,18643.3,15688.4,17140.6,30949.9,20702.5,26585.8,19029.1,29273.1,9939.05,26321.1,9553.76,12445.1,25866.3,71405,18317.1,34746.4,11762.8,27208.9,71223.6,16390.4,33664.9,26155.5,12426.6,8816.96,29395,54189.1,34355.3,28639.3,61879.3,10253.6,18758.3,12155.2,40095,19953,23844.2,25279,29150.5,55674.7,23809.2,27882.1,25335.6,18991.9,30116.4,16078.5,13891.8,53277.8,37485.9,13934.5,10398.3,19266,19460.9,31873.4,17849.5,23620.3,36291.6,12952.4,9850.28,15385.2,36834.3,12069,95100,32728.4,46347.7,38962.8,14169.2,28684.5,15275.9,21133.3,17339.9,7606.85,9237.77,20428.1,33892.7,14241.8,30928.7,25044.8,27261.8,44914.7,17721,24575.8,18570.7,4853.3,49041.8,22369.2,101764
20,39563,48587.1,20951,41268.2,4306.44,18151.9,31394.5,18683.2,21153.7,13537.8,67264.3,39041,35898.1,6620.15,16611.9,17590.9,47260.9,4729.06,16738.9,18138.2,10353.4,46688.1,70319.8,31169.7,23335,36002.9,29096.7,10834.7,52619.9,87469.7,27463,15301.1,27483.3,14360.8,116141,42653.5,13079.5,53673.5,14695.6,59227.8,25756.9,28316.6,15626.7,110248,29624.4,16900,28137.6,19750.3,25972.2,10261.3,27978.1,22595.2,38715.1,62912.5,33505.5,37375.3,21303.5,14815.2,19036.8,46698.1,21825,9580.89,52326.1,68780.7,28972.4,17634.6,37368.7,43638.6,21368.7,13458.2,30755.9,15333.2,22706.7,22694.6,8299.02,22437.8,18772.6,11877.6,35537.3,18396.9,14530.7,14544.1,11714.5,17275.2,33437.8,28222.3,26734.2,23588,19767,22239.3,29714.5,40797,51228.4,26503.1,13881.7,27589.2,35053.9,36569.9,19907.7,12918.4,30335.3,19019.5,19427.6,6389.74,27571,33572.4,19130.6,9146.15,74355.8,10454.8,26325.6,39533,13713,8162.78,20423,23247.8,29562.7,14072.5,15262.3,16472.6,21973.4,8772.05,7320.24,35341.1,8600.72,19252.9,17832.4,11127.3
21,43772.7,9787.37,11444.9,43434.2,53381.5,24679.7,28507.5,20443.1,66638.5,10508.2,18853.6,20287.8,22411.6,27047.5,53494.8,22625.5,29420.7,30704.7,21532.5,20316.8,6564.18,15357.5,19178.3,5943.61,27439.6,35736.3,27938.5,52867.7,32524.5,38326.8,16546.3,37358.6,27336.7,19096.8,32707.7,44210.1,37467.3,13535,37035.2,36112.8,24052.2,38838.3,34874.4,12314.8,43713.3,22983.5,57872.2,68386.8,71940.4,44229.6,14738,28457.4,14760.9,16614.6,16259.4,41719.7,31180,17378.9,24940.4,41026.5,16848.8,20128.2,18434.3,9615.72,23400.7,66670.3,19428.2,40984.3,27097.3,19499.8,21588.4,24122.7,17896.4,23474.1,25561.4,15103.8,17228.4,47257.6,21099.1,74659,16597.4,22575.6,8181.68,36686,39500.7,26977.8,27289,9290.41,36926.2,22438.3,13501.1,24843.7,21874,10914.6,13124.2,34714.4,24114.8,26080.3,15109.8,54812.2,14353.5,53539.8,18440.2,43875.1,17737.8,3810.82,42972.2,11207.7,14602.5,14175.6,21420.1,15531.9,12498.7,11023.7,5518.9,18803,22695.4,27047.1,24346.4,52177.4,30473.2,22866.5,30446,35284.7,70945.7,47760.8,14298.9,17007.1
22,15695.6,12101.3,18615.8,26210.7,1588.52,30841,37796.5,24378.1,67923.3,26962.7,24791.5,17849,11469.1,12013.3,11951,23737.6,28030.5,29823.9,72227,20447.5,16191.7,28689.4,50523,10917.7,30786.6,18610.4,28172.4,17736.4,35540.7,16347.7,19285,9383.04,101047,6878.47,24951.4,26161.8,21413.1,22035.8,23277.8,42643.9,18706.7,47653.8,42031.1,24030.9,47681,51309.4,3741.11,16894.3,67194.9,24518.2,28800.6,39210.1,16522.7,30639.7,12168.2,38000.8,25497.2,25411.7,18026.8,80290.7,14817.8,72829.4,30556.6,32451.1,26029.2,13804.2,17987.3,36777.2,9245.93,20827.8,54643.3,22129.8,23245.9,30907.2,33090.5,26348.5,30281.2,14599,39969,28356.1,23022.2,24295.1,31918.3,34913.4,17179.5,23659.4,22216.9,21482.5,13535.8,11172.5,19075.5,28944.8,23209.9,21450.8,29954.7,16561.4,13200.9,58610.7,22649.5,15978.6,22907.9,2782.16,96704.5,21047.5,27236.1,9204.81,6003.28,30631.7,71788.1,14072.2,20605.4,35881.2,10806.1,31159.2,23607.7,18843.7,46869.3,27166.8,15815.3,21189.1,55430.4,7429.64,23291,16180.5,14746.1,35961.1,26231.2,50471.6
23,13033.3,33367.7,67293.9,22034.2,21662.7,59145.7,21343.5,17968.9,15469.3,20266.7,60170.3,35297.4,28764.6,32445.1,35203.3,20922.1,7118.42,30353.2,80901.3,17824.7,26238.5,16214.9,48100.6,18376.1,15491.2,27652.1,45996.4,24688.6,32004.5,17626.4,25317.1,48496.8,13767.4,15919.1,35213.6,16641,34475.6,26550.1,14182.9,19825.9,22191.3,59333.3,54861.5,31836.6,15341.8,46537.9,13763.7,25486,17595.7,21958.9,11166.5,17971.6,20136.8,15343.1,29879.7,39560.1,10544.3,55602,23662.5,14361.7,6541.18,27455.9,4897.76,12971.2,20232.3,27407.7,12644.5,13986.3,20289.3,26838,18962.5,17631.5,38369.4,6890.8,24051.7,8757.27,19407.6,27353.5,18800.7,94118.2,29033.8,21735.3,11751.4,16596.1,15075.5,42945.2,21555.1,28608.5,18699.9,13288.8,41996.5,21294.1,11754.3,16240.1,102536,27738.7,15851.1,52912,34058.8,36542.1,32088.1,21671.1,76073.7,24784,14940.7,8767.24,52297.5,12910.4,25337,19723.6,23858.3,96203.9,19110.4,16340,37763.8,8837.13,28399,7878.28,20414.1,11478.1,31640.7,54168.8,46920.4,49572.3,19357.8,24269.3,13841.1,22401.9
24,25789,24520.5,3769.85,9485.26,64754.7,22742.1,27053,30392.3,33150.1,29985.6,24871.2,16208.2,8320.99,19225.4,23458.5,167064,22843.8,35625.9,13269.3,26503,23263.8,32489.9,11280.8,58035.2,12554,20564.8,61668.4,30008.3,24813.1,106988,25874.7,15811.7,18892.1,24773.3,11547.3,26244.6,24986,24720.3,46790,15151.9,8331.37,32103.7,20015.5,21856.9,27759,47538.2,20876.2,7804.84,15389.5,16309.6,17503.8,16641,13418.7,74856.1,18021.4,21269.7,44982.2,25099.3,46633.6,44504.2,10132.7,18553,8132.46,20165.8,42010.2,48840.4,25095.6,14823.1,18940.7,15714.7,39272.1,13354.8,28973.8,18905.2,27014.8,32866.9,21852.1,15976.6,33102.3,40380.8,14615.4,128582,15889.6,68299.6,14487.8,23580.2,18635.9,46784.8,36320.9,49846.5,10381.3,15839.6,13894.9,20611.5,26136.7,14849.4,24344.4,13573.6,11215.2,11466.2,17417.9,29518,16997.3,25934.4,32298.2,22111.8,16506.9,10690.3,20359.5,7190.04,30424.6,33319.7,33846.9,27297.1,35966.9,24055.5,3734.06,23359.1,22360.2,23081.7,14628.8,76989.7,61930.1,5734.41,12972.9,18958.8,17955.3,33858.5
25,37527.7,52758.6,8813.93,24139.9,19108.3,36067.2,21838.1,30705.3,24783.9,27185.3,12110.9,6901.93,42496,17400.8,14952.4,41353.6,8716.14,21913.8,82118.4,29364.3,15544.8,33776.5,37208.6,54277.7,22318,33403.7,23489.1,16522.6,28071.5,12186.6,13852.1,13478.4,14763.7,23640.8,15815,20014.5,42205.9,15115.6,18725.4,15201.7,24274,41562.8,8073.01,15866.7,10446.7,22279.2,38639.8,20761,59635.6,99414,11666,63657.8,44482.7,26750.9,32898.2,15254.7,39702.3,3687.22,26722.2,21950.2,92741.2,59818.7,50770.5,19711.7,13575.4,15338.7,9827.81,15634.2,87112.7,20943.6,16819.5,46476.4,20447.3,9536.38,10074.9,5733.06,24972.8,11626.1,38615.7,21429.3,30428.5,17660.9,24796.9,50061,4638.94,18587.7,64934.5,17163.3,66330.1,21196.7,33715.9,14661.6,9499.45,13145.6,42628.7,15791,29349.7,44281.5,27151.5,11629.8,26072.4,32336.7,31863.6,21663.7,53902.5,19631.7,33105.4,20600.1,24949,31762.5,32025.1,24742.2,28710.9,33848.8,32334.2,14925.7,42210.5,30948.9,17808.2,40519.6,17799.2,23945.8,17133.7,15373.5,11612,29369.7,13055.8,30664.5
26,8194,41253.7,29645.7,137497,19959.4,17922.7,20961.5,19137.8,31097.1,26745,16909.4,26651.1,18624.9,22762.1,36270.4,29983.8,18618.5,11173.3,12360.3,25177.8,40617.2,10413.8,25677.2,59498.5,15684.5,47245.9,83763,14087.5,13972.6,12931.8,7720.08,14915.7,29584,12413,18473,46857.8,19179.2,16767.2,32900.9,12888.7,42565.2,25150.5,14809.2,14131.6,38762,46992.3,8683.18,22827.3,17017.9,25525.1,12438.5,22029.3,18651.1,26097.2,14353,33565.9,104025,29466.6,38278.4,29725,40045.4,13149.5,25436.4,25490,19993.8,12368.6,6209.27,69219.8,18074.9,23675,40073.9,21334.6,4487.1,16465.7,24314.2,25675.1,22502.7,18396.6,24292.9,16408.7,45992.9,19902.5,15845.1,20164,17650.8,53105.3,29708.1,34989.2,29053.3,23101.1,22459,18934.1,23521.7,10375.8,20687,27323.1,36478,14651.3,20613.8,20112.1,70498.6,23579.9,19403.9,12179.8,20213.8,27827.4,133708,32872,34337.4,11816.2,31113.4,37450.4,31648.9,25824.6,19514.1,13595.3,76396.2,18596,20657.7,88275.3,11358.4,26991,19137.6,28138,15456.6,12099.6,21687.4,11078.5
27,10837.5,49450.6,17551.1,11851.7,19779.8,23891.6,16297.9,109279,68447.5,12669.4,47132.1,61668.1,12457.1,18983.7,63878.9,32299.3,54933.3,15892.1,11393.9,12961.6,21721.4,19119.2,14684.4,124611,24723.6,7136.56,20204.8,32344,13076.3,18712.3,23805,28029.8,49964.2,24469.5,14553.2,13423.2,29217.9,18807.7,20335.7,23942,47778.6,38907.9,3458.56,33761.3,16094.3,26492.8,39410.5,19617.7,15724.8,16082.5,106247,67253.9,16265.2,7218.4,85036.9,23107.1,41951.8,32985.5,31355.1,18220.6,18993.4,12941.7,9005.6,12505.2,38456.7,21930.3,22401.7,10901.7,46839.3,18765.5,15346.5,21769.1,12759.1,14335.5,17251.6,15080.9,12487.9,20915.8,12551.8,30801.6,18164.4,18687.7,51940.6,12074.9,14325.2,30760.8,21372.5,17221.7,19682.7,13024.4,32757.9,48256.8,10114.3,12505.5,20918.3,39688.7,28518.6,17680.2,9040.57,27469.2,21079.8,62254.4,13608.7,26820.8,15764.8,17536.4,63320.2,35386.4,30784.8,22736.3,30785.1,19441.8,11782.5,38441.2,31183.1,14182.3,27698.4,36762,23367.5,31451.8,41215.1,26497.8,24067.4,15345.8,20862.4,15514.3,38692.8,51031.6
28,21190.8,15254.4,39844.9,22046.6,17953.8,26747.6,17216,22808.7,32445.3,39836.1,23124.7,31732.5,24213.2,34542.4,27345.3,26220.8,17322.5,40924.1,30071.2,41084.4,16739.3,57421.9,16586.5,13444.5,26463.9,21250.9,17215.7,15481,35884.6,23219.6,46071.1,7624.59,21893.6,29444.3,37480.7,18836.1,23436.8,22419.4,18569.1,12388.3,9252.29,56001.2,38228.1,17476.4,31105.8,21016.9,12879.2,18961.6,33405.2,21978.2,7391.03,15578.3,12607.4,37260,18513.2,27269.6,18272.2,38602.7,26270.4,15846.6,51345.3,27314.3,13108.6,15817.6,32374.2,24670.4,41020.9,11388.5,42287.1,20931.7,20617.3,73445,56453.6,25885.2,20812.3,38591.5,5056.86,64198.7,28260.8,21527.2,25869.1,106877,77639,13869.9,18785,24908.2,13919.2,41032.4,17931.3,19618.8,17675.8,47734.6,24072.4,30612.7,17211.9,17675.5,13320.4,47440.7,87132.3,20385.4,10500.9,36640.6,21097.9,48994.9,29838.9,26411,53158.3,31498.5,27299.8,18294.2,50414.6,9880.85,28569,14586.2,31279.3,17584.8,17088.9,16389.7,8398.23,17838.7,34183.5,15145.8,23722.4,22732.7,13002.1,17854.8,72373.4,14056.7
29,25398.6,34231.3,15392,21583.4,26739.4,20899.1,11751.5,129456,18138.4,8169.26,28752.3,23913.7,27868.1,24734.8,22773.3,49025.7,32053.5,28676.9,14519.4,41042.5,19226.8,74459.5,17919,36100.9,26151.1,47425.5,65129.9,33756.8,15770.9,22180.8,23523.2,14542,35538.3,34461.2,25039,23539.2,19574.5,18785.7,17842.8,17982.3,20096.2,29860.4,4818.3,38231,18371.9,23612.1,18112.8,30850.4,34093.9,19421.9,24438.7,7783.51,20014.2,16883.7,42547.2,40427.3,35587.7,15279.2,18492.8,29696.3,17524,54846.3,16318.7,29008.7,38267.8,57121.1,15365,11979.5,13043.9,30624.8,11300.3,19217.5,40666.5,27356.6,14493.9,24749,19059.2,28547.5,63596.3,24876.2,14836.3,13542.5,14667.1,45513.6,36539,34145.6,12768.8,42778.6,13885,14137.2,17956.1,26371,19716.1,10693,16352.4,35563.6,32281.4,12504.4,82961.4,17106.1,24655.2,21797,23365.7,14999.4,103729,27841.1,68800.4,38205.6,15220.4,20580.8,27113.7,12938.4,17806.1,30598.7,16526.7,42913.6,32092,18646.7,17127.6,17669.5,20680.5,9141.34,30304.4,33235.1,27972.6,30566,24072.2,35799.1
30,27180.2,7495.59,29394.3,87020.6,27600.4,14374.5,18314.6,21405.2,16325.6,16586.1,22102.5,31382.3,19850,23075.5,18246.3,27154.5,106733,13855.8,18789.8,42558.2,16643.3,29169.8,17615.4,39951.2,15650.3,38153.4,18266.8,996.754,20383.7,18994.2,22837.6,154245,22139.1,21734.9,29106.1,9849.24,28895.2,35476.7,25806.3,38730.7,15587.8,41681,17129.2,33149.9,13188.8,19996,27670.9,16779.7,19884.2,43959.3,16823.3,18077.2,17473.9,26285.1,12942.8,13619.1,20266.4,63841.6,56742.1,28658.6,23365.8,32502.4,16273.8,27404,21541.7,23040.9,15671.4,42839.3,88295.5,53173.5,19105.6,16049.9,31926.2,17446.2,44018,23279.8,16428.3,31850.2,11332.4,19432.3,9167.34,33549.4,37435.4,10617.7,23097.9,26358.1,27769.9,22903,24918.4,40460.3,16936.4,8494.18,27038.6,14825.9,46984.3,42715.2,16533.8,63799.6,29957.9,21740.8,16967.6,14116.1,13115.4,16900.4,28568.6,28057.4,65796.2,26360.3,17149.1,37463,30883.2,15489,15047.6,10032.2,14082,26975.2,71454.1,8096.11,19416.4,10724.8,18768.3,13786.1,70655.7,34653.2,33680.8,27870.4,21203.4,13927.4
31,22108.5,10061.5,16570.4,15954.2,30734.8,26122.2,27079.7,27767.5,34635.9,91380.1,23908.3,13442.9,13899.3,19918.4,48975,22241.6,23633.4,21785.8,58443.1,19204.2,21828.1,50569.3,22980.2,18590.8,34651.7,28698.6,20931.3,61774.7,15034.8,9441.73,15651.7,36055.6,48756.6,12288,5692.75,26686.9,25502.8,21664,21043,30059.6,180971,45057.3,34552,30089.4,4223.63,70888,19358.6,14437.6,15943.8,27386.6,30980.3,10972.7,34894.8,24331.3,15361.7,10325.3,46797.4,55221.3,17747.2,13773.5,46993.8,22093.6,24893.7,27023.5,31801.5,19346.6,23524.9,26083.3,23425.3,31420.7,19215.4,18629.6,17523.2,21331.1,20893.4,16243.1,16148.1,34541.9,22979.8,32067.8,20310.1,28353.1,24257.6,27269.5,30567.1,34848.5,15212,39354.9,11630.8,13778.7,47632.1,13468.6,34717.4,18538.6,20116.7,19803.2,12719.7,33541.4,13576.5,79491.1,33623.3,31690.6,25931.4,43353.6,22694.1,25210.8,25982,19538.8,20827,19144.1,16072.4,24038.3,20025.1,27630.6,15620.7,15688.7,10787.9,31125.3,44730.3,20718.9,23121.7,20600.4,25912.3,13562,33404.6,39198.1,37243.9,37442.4
32,7459.57,14139.8,46180.5,7835.73,43812.4,13501.7,29638.1,14577.7,35126.6,26782.3,37155.4,46738.4,43596.1,31216.1,43203.2,19076,16718.8,23909.3,9751.58,6143.38,28233.1,32075.9,31619.5,29166.4,23039.6,25845.1,16071.6,26261.2,10348.9,14329.1,20585,21365.9,17783.8,53935.9,36097,23249,40219.5,16539.9,17937.2,38899.7,47767.1,27051.7,23404.2,40419,21208,18416.5,26278.7,23385.2,56978,15522.3,21669.1,21238.4,23872.3,14866.5,15629.1,22188.9,78126.6,63545.7,19303,60778.7,16044.7,28260.3,46228.5,19672,19480.1,31103.7,2103.39,12300.5,28606.4,25910.1,8395.97,44675.4,7795.15,39013.7,107843,15738.3,18213.3,97152.5,19585.2,21912.1,23359.8,23668.1,29434.5,75238.8,25359.9,9294.13,18549,44292.9,23970.4,21568.7,23382.7,12670.5,34038,42437.5,13889.6,22284.8,19334.6,14261.4,41439.7,20368.3,13704,12150,21164.9,53505.6,31028.4,15850.5,20524.8,7448.71,30314.7,15667.7,16366.5,41873.2,13675.1,25692.1,65746.2,9324.55,19264.6,41091.2,20852.2,67699,13272.8,20332,18358.3,10290.3,57216.2,17076.3,26674.2,22512.1
33,32208.8,10579.1,27082.3,16494.4,58642.4,21206.8,44658,47442.3,20704.2,62921.3,23735.5,17132.1,36117.2,13395.3,9172.76,22067.9,33814.6,28087.2,54346.1,48801.8,33044.1,183224,43483.8,20770.4,21084.4,34768.9,37490.5,29079.5,24084.1,24276,30525.6,34118.1,19789.6,41602.9,24613.1,12184.2,15537.3,31331.2,18919.4,25879.3,52457,13527.2,15529.8,14152.6,20959.8,38855.1,21924.1,18681.9,20956.8,18035.4,14116.2,22447.3,20721.3,14589.5,21079,29884.7,21527.3,10193.5,16075.4,42303.6,10775.7,35894,15907.2,21684.5,42809.4,29520.8,22080.1,56991.7,11244.3,15942.4,16706.1,13398.4,18015.9,50135.8,43539.2,11968.4,15608.7,22559.6,25985.7,57481.6,50804.9,25377.1,20757.6,12962.9,18537.3,11442.7,18946.7,29254.4,29028.2,15599.1,29763.7,2061.48,15957,9543.16,18331.6,16642.5,27958.4,13235,13561.1,24825.2,22146.4,44643,19441.4,23763.3,56250.9,42934.9,20050.9,19370.3,18466.5,113239,11952.9,23709.1,12039.8,31264.8,21619.5,21552.5,47648.9,51191.4,27180.4,19194.2,20123.8,25081.5,32256.3,15025.9,13301.8,10959.6,19909,49777.3
34,25154,22215,8496.04,26729.3,26584.9,20463.6,47297.2,19558,21974.4,28084.2,30045.4,15895.1,27255.8,22385.1,21512.3,17484.5,29763.5,74329.6,22146.1,21388.1,6004.42,11339,24965.6,12241.7,22266.7,33966.2,16011.6,11855.6,34018.9,22493.9,26485.8,19868.4,24217.2,14531,12390,24457.9,61210.4,36192.4,17191.8,27601.4,82564,21782.1,37269.8,23146.9,2673.74,15598,17585.2,21825.6,7160,16857,28899.3,17365,32767.1,45257.8,31239.5,38621.1,9733.67,27597.4,8237.8,84518.6,46320.8,45427,30455.5,20936.2,22070.5,18100.5,21522.4,13776.6,24523.9,121926,22156.1,10409.7,32047.8,13302.7,20775.7,33663.1,31795.8,13535.2,24487.7,44433.3,17006.9,45544.1,84403.5,29874.7,77930.8,21911.7,25169.8,33949,23229.4,28210.2,14910,15208.9,13373.8,37679.2,15128.9,14587.8,65435,15463.1,37154.6,25810.2,48725.2,20143.5,54244.7,28068.7,13317.1,26664.8,19956.9,30553.9,24305.4,20495.9,21574.5,11852,27375.1,17984.8,20964.1,28900.8,19369.8,10620.8,15396,75789.3,13896.3,35591.8,12589.5,26800.4,66975.6,10746.2,23599.6,20446.3
35,34878.4,28836.1,42829.4,39488.3,22554,15020.7,32771.9,22208.9,18943.9,44559.4,22280.6,21005.1,10969.6,14816.2,27125.3,13647.1,12963.7,28068.2,28852,13345.6,32687.4,19063.8,20467.9,24950.1,8136.35,12223,11475.1,19096.5,20024.5,16918.7,13863.6,21790.4,84758.7,64247.5,45513.1,15579.6,72064.5,34205.6,30562.7,18383.4,28276,76170.8,17642,26283.9,8254.83,19735.8,17400.7,17855.4,45797.2,55220.5,32411.1,38074.3,26275.8,17281.8,138523,19122.8,25507,42127.3,14678.8,15614,19319.1,19865.3,10559,34902.5,19509.5,17844.1,25051.2,15149.1,17781.3,21945.2,39444.9,29063.8,25049.7,27914.9,15732.9,21384.5,10750.5,35476.1,38158.7,17604.6,35391.9,18773.4,24277,12392,15813.3,29072.2,10410.3,34330.4,8702.53,23657.1,24471.4,23207.6,16857.2,58087.1,12442.6,42446.7,16534.5,18105.8,44488.8,50567.1,90062.8,15888.5,12873.5,24727.1,42568.3,19278.8,55496.5,35933.3,65624.4,15396.6,36158.7,16003.9,18084.3,16208.9,29139,20549.5,34824.4,24656.9,27083.7,24276,24796.6,27611.9,25501.1,22230.1,17060.5,24624.1,16176,30567.8
36,57425.1,8970.8,16179.7,79089.4,25867.8,40683.2,48741.3,16792.2,21390.9,24458.2,7073.76,32588.9,15192.8,19131.2,62601.4,30168.1,16629.7,21059.5,26841.2,31439.7,40829.7,17037,40023.1,16444.3,41515.6,12894.7,16330.9,24305.5,25972.6,24176.9,16236,18461.7,14135.8,40572.2,55725.2,39438.1,46197.2,15368,25536.2,43013.3,13548.1,17117.3,18620.6,18578.4,8420.49,19230.2,19220.9,29626.2,36763.5,21976.1,37004,58112.8,20854.6,25304.8,26091,27330.8,24636.3,14900.3,19966.9,34273,21981.8,32010.9,18372.5,37984.8,22772.4,19083.8,16678.5,45439,29465.2,21143.1,19668.5,43773.5,14058.8,14459.7,51195.6,30071.9,12483.9,29270.7,16794.9,36506.8,17982.4,18077,15133.5,19458.6,32428.9,26932,51346.9,19065,25711.1,10706.8,12539.7,37400.6,50221.9,25555,16088,37440.3,27543.2,23941.7,62332.6,18491.2,13701.9,29551.4,19087.1,10299,57072.4,19040.8,19637.6,28135.9,81148.6,36565.2,21540.4,17645,28402.8,25360.8,13582.4,20211.5,20559.8,6231.17,20172.7,18743.6,42935.9,22947.5,66388.7,13329.5,9085.93,38380.8,14650.8,95232.3
37,16716,11973.7,16186.8,17531.2,32944,64140.3,15209.1,68935.3,30182.6,33010.4,58869.3,24057.9,18362,15559.2,17173.2,23583.6,64418.9,10206.1,39217.3,17750.9,21659.8,16089.6,47411.1,33958.9,19256.7,18758.3,73305.4,20671.8,5815,43693.4,29381.8,47664.5,50849.4,20872.3,16391.7,30332,25706.3,15419.7,15309,47609.8,18763.8,33465.8,29661.9,19031.6,32215.8,20920,52605.8,64987.7,14812.5,17928,31145.6,32407.2,19473.7,39528.7,43415.2,20060.9,43119.2,16880.5,18747.6,14359.3,16147.1,11599.9,26815.4,20953.7,31759.8,19012.7,30120.5,13732.5,29610.8,11766.4,56918.7,16628,27081.1,40252.6,48213.9,5293.42,29633.9,36828,33517.6,20923,16168.6,65552.6,21628.6,29934.2,13943.2,14083.5,14625.4,12964.6,30876,20363.6,26686.9,19291.7,23115.4,21506.5,17424.9,19255.5,71007.3,17244.6,12956.5,10811.8,17738.5,29601.1,20752.6,22467.4,9903.68,18704.8,24288.8,50589.3,35067.7,38981.3,19126,18826.6,22849.8,22425.9,11954.6,18042.5,26535.4,20802.1,34326.1,31457.5,13916.6,12075.1,39237.8,42362.2,84715.6,32744.8,25244.3,28665.2
38,40065.8,15685.9,38963,54598.4,29945.6,51094.1,16364,27156.6,25422.4,16618,31698.8,33109.3,12079.8,24787.9,36261.6,24188.6,21705.3,17028.2,13644.3,11284.3,32516.9,32889.2,17461.4,14128,45439.4,15731,19540.6,32025.1,23692.1,42789.9,23314.7,31371.3,22700,28502.1,30643.5,19963,29738.9,17153,19246.2,26310.5,16287.6,31166.3,24738.2,11822.9,27525.2,14226.4,15250.3,22061,11424.8,13612.8,16288.5,21498,26529.8,102016,23049.6,36213.7,25038.3,69501,15077.9,35763.1,38220.7,28156.1,33669.6,31157.8,16102.5,39705.2,48996.2,14769.8,53418.8,26653.1,18807.3,37190.3,16848.1,32875.9,29124.8,28233.8,15225.1,26453.9,16958.8,32933.2,22060.6,44221.9,35755.9,20099,30298.5,29301,30087.7,29393.8,39348.6,26314,65921.8,35369.2,29097,36005.9,24342.2,14708,38990.9,12197.3,20828.7,55521.9,16003.6,16247.4,17552.6,16228,13317.9,42906.9,16239.2,41385.3,20298,12049.2,25877,40521,12701.4,26284.4,37299.4,51181.8,32814.6,26878.8,31929.7,29243.9,25630.5,15626.7,17748.3,31837.7,12176.7,29016.9,26178,22878.7
39,19890.9,21519.8,19746,10132.4,44954,14923.4,37047.6,27716,17204.7,24712.8,14124.6,16517.4,28328.3,22580.7,17907.2,28251,22827.9,19465.4,28989.4,22694.1,19046.2,16232,18839.4,29797.1,24394.7,20719.6,19407.8,21846.6,34448.2,30471.2,10917.2,20637.5,30787.1,17441.8,19821.8,12139.5,24129,45760.7,17588.6,25570.6,17362.9,11745.4,22630.5,29910.9,44655.8,17969.7,76054.9,32814.1,74431.2,21297.2,15571.2,49064,20972.3,23115.7,28152.1,23945.2,31873.5,20227.6,21439.9,38962.4,10459.5,32771.8,12386.9,20066.1,18989.4,3408.52,21611.4,27172.4,42837,16630.3,38266.9,14901.1,76635.6,30009.6,11688.8,18915,33640,44461.8,16290.3,10349.1,37019.8,32560.3,26898.5,18837.7,16743.1,8330.06,41112.8,18275.9,51572,16882.6,20064.9,26528.2,45335.7,40000.6,22780.3,47355.7,23135.7,15699.8,18826.6,17381.6,30772.1,66504.4,28048.7,27282.7,16858.5,16436.3,23425.2,93275,12155.5,39963.4,27170.5,19008.7,25805.6,16916,40160.6,44082.1,20570.2,64227.8,32702.5,19131.6,17101.7,19089.1,45931.7,22916.5,40268.9,21150,12470.2,127383
40,19373.4,21955.3,21428.8,19556.1,31849.5,31677.3,22521.3,17678.5,38622.8,25429.5,33820.8,17594.3,34325.9,37757.2,50502.3,22421.7,14582.6,11732,56284.7,23305.9,14584.6,22157.4,20357.5,36601.3,28398.2,11002.5,27053.3,24712.4,16855.4,27617.5,34231.8,29905.8,16553.4,22799,25143.1,35019.8,32974.2,27770.5,30547.5,31611.7,46626.4,26638.9,29640.9,24168.9,34710.6,35848.8,11302.3,7460.13,27096,95779.3,20493.2,53846.3,19529.2,35547.4,19853,8693.47,28377.4,20005.5,18803.9,18141.6,13997.9,77097.2,30942.9,19269.2,19618.3,19108.4,18468.9,72432.8,64536.5,39503.7,15247.6,22279,23973.5,17392.5,26856.5,31143.6,25013.7,16051.2,5006.91,29246.2,22628.2,23398.9,63455.6,12985,34359,11126,16854.5,27437.2,33887.7,17045.6,31475.7,27651.7,46435.3,23968.6,20622.1,20945.9,28364.2,18011.2,14127.7,28820.3,23852.6,41657,9972.74,37987.9,14329.7,26600.4,20634,23444.5,34837.1,34116.8,40556.9,22218.2,11805.3,38122,18211.3,44159.5,29879.6,17060.2,25453.6,38568.5,29860.5,61013.4,20696.3,17786.7,26585.3,35730.3,10506.1,42055.8
41,19646.2,25757.6,16408.9,43357.4,32864.5,18862,30555.1,37524.5,13124.2,26577.4,17992.8,10368,32036.6,8853.86,13585.3,28298.3,16118.4,23668.6,12860.8,10947.4,63970.7,37798.5,18283.5,26174.9,27925.2,14860.9,17010.7,18335.7,11122.4,37016.4,22102.9,23811.7,51854.7,20704.4,43133.3,31192,17637.4,37031.1,33198.8,39395,14460.6,52558.6,18499.5,17073.2,33567.8,25246,47423.9,32893.7,23333.6,17979.1,23430,65912.1,23673.1,25693.5,20129.9,17048.1,24653.2,33175.5,35607.4,57659,22582,44043.5,30304.2,36944.1,31126,35547.6,13109.4,80956.2,24495.2,30898.6,27774.6,35673.5,15956.7,25009.7,20598.1,36873,55701.9,23137.6,19400.5,53904,38409.7,21339,12747,25309.1,18406.5,30897.5,25412.7,16427,21214.2,54895.8,28018.4,21200.9,25767.4,45252.3,23469.3,21079.6,50400.3,19200,25946.7,29417,20546.2,21539.9,20915,31771.6,30652.7,45123.3,9913.34,19110.3,24878.1,27355.6,23916.5,17328.6,13906.1,22138.4,13720.5,26435.2,18565.4,23114,32026.8,43436.2,42716.9,19441.4,14618.2,20561.8,37765.4,34965.4,15040,27033.8
42,29664.4,15748.7,23200.3,18623.7,27665.5,37419.6,49895.4,37032.5,28442.5,37435,11875.6,22136,42321.5,29617.9,39678.4,38954.2,15025.2,18488.4,25547,19282,26808.6,29316.6,32798.3,40558.3,17553.5,39580.4,72117,26607,17516.5,42552.3,17129.3,19292.2,16162.5,21261.1,30778.4,18973.7,44055.4,30797.7,18828.4,30301.7,33250.7,23848.6,17937.2,17603.9,14072.8,20643.2,18854,21086.1,31887,23369.5,18278,51557.3,65727,63056.1,17196.7,28043.6,27745.9,45685.3,24422.2,21969.6,48970.8,15540.7,40590.9,24170.6,13231.4,28961.2,25579.2,10590.6,16441.9,21908.7,19004.6,12094,24029.6,13685.6,25659.7,43063.9,71500.5,7557.22,38235.6,47638.5,20000.8,17841.9,5390.61,41018.5,13067.8,22795.9,18536.9,30181.1,43600.7,11669.7,27526.7,80547.4,77941.5,20944.6,19961.8,24448.3,21718.5,22903.7,12144.2,19876.8,22707.1,18575,20470,50135.1,29389,11379.3,18151.4,24088,18265.9,18492.2,19983.3,18823.4,21664.4,21389.4,48747.4,15079.2,33576,31283.7,28903.8,19639,26394.9,19488.6,34955.8,17194.8,30286.3,12670.8,40970.7,38814.6
43,26933.2,45840.1,32872.2,32822.9,26214.9,40596.1,9444.44,24522,12904.4,47939.2,21128.5,26695.8,13939.6,15650.2,51086.9,23043.3,22253.4,27663.8,45978.5,27979,23413.6,16051.5,20119.6,17351.9,39115,22199.3,18186,18115.2,21170.9,23403.6,20502.9,10875.9,17292,16858.9,36613.7,31827.9,25898,44280.5,34849.5,22971.8,40832.1,18806.1,24353.7,21206.2,46090.4,22382.7,17723.9,14177.8,50408.3,38736.2,17659.2,23362.2,28388.8,46281.7,30766.1,47661.3,50208.2,20840.4,30273.9,18032.9,16807.4,26102.2,59214.2,23637,29556,21099.2,22595.8,23077.4,25104.1,31409.3,22845,25702.8,29684.8,39250.7,58966.7,30471.1,23965.6,23918.2,21565.1,9348.53,51628.4,51536.3,52807.1,18915,19227.7,31108.5,23399.8,33830.9,19450.9,27795.6,30529.4,20497,22252.6,29906.6,37090.2,28302.8,7075.47,17514.1,14365.6,20339.3,31983.2,20107.4,26441,27301.9,31806.3,18339.1,32479.6,33213.2,41206.3,16921.5,17210.5,24093.1,56654.6,39875,30157.1,25866.8,28025.6,21787.8,44953.8,21128.8,18076.8,23916.6,36256.9,16929,35139.2,13486.6,16499.1,22820.3
44,69460.8,28470.5,43859.7,24180.9,29136.7,23758.9,42807.2,12890.4,29629,19191.4,19756.1,17104.5,25659.9,24125.3,8005.36,19706.6,25765.9,21542.2,9652.01,20637.3,16982,26858.1,54708.6,19480.5,30218,21821,61204.5,17311.4,46351.5,16251.6,25297.3,16302.4,19932.4,18633.2,27222.2,28740.7,23164.7,47930.5,22356.2,26923.5,28112.6,12300.6,50228,28958.3,15399.4,15544.1,39219,22927.4,21643.9,14838.9,28741.2,24097.1,20880,20417.3,16957.2,19223.3,22430.4,26263.8,31907.3,27988.5,21772.3,27372.2,17152.2,17931.3,19199.9,16166.3,24932.1,21984.5,43720.4,11432.3,22319.7,27557.4,14853.2,19276.9,35865.1,24789.1,21106.3,81971.5,54987.4,27617.7,36036.6,20198.7,11124,47640.5,11956.5,19396.1,22673.6,22175.4,27937.8,35096.4,25735.1,30563.4,16585.9,46942.3,18643.4,26968,85492.7,13684.7,24892.3,33632.6,19785.8,39647.7,28747.2,25630.5,14767.2,14198.3,24922.4,46439.7,79560.2,25737.9,23235.3,16948.4,30581.6,20369.2,30466.5,63913.7,23270.5,46384.8,15706.1,26413.1,29112.9,22546.4,38541.8,13445.2,50684.1,29878,29800,28141.8
45,19229,22870.3,23715.8,26520.3,10940.7,29922.2,18966.8,18756.6,24113.2,18236.8,20962.6,34101.7,39237.7,47657.4,19747,32117.6,28546.2,16523.9,43420.1,30124.5,30447.2,43706,22684.9,20497.5,30829.6,26921.7,7801.28,11313.9,26594.1,23726.9,7926.75,19876.3,25591.3,59714.7,18245.1,19279,20358.6,27269.9,19716,16445.6,18571.5,25082,21914.7,21303,17758,35343.2,8873.13,30498.8,29109.9,19646.7,16261.9,79512.1,34589.7,23376.5,22424.6,32250.3,16760.1,10892.5,35100,20609.7,22067.5,30063.7,22575.7,30906.8,22842.3,21800.2,9611.74,13323.7,14494.6,20679.9,22261.5,28356.3,7947.18,23829.6,30662.1,20957.2,34132.4,12889.8,30900.5,22539.9,24319.1,16579.2,14520.2,31340.8,34018.7,25539.1,48419.2,46018.1,23557.9,59746.3,35958.2,19451.9,29009.9,22972.3,8593.62,47468.7,13728.7,38691.9,16406.1,14753.3,19915.1,62092.7,23731.1,35354.2,10886.6,31034.8,42659.2,18874.8,16229.5,25982.2,29104.1,47332.7,28456.1,12737.3,27620.4,17432.7,21997.1,26409.5,29144.7,45267.4,50511.1,28334.6,19634.9,15752.2,30851.6,39595,53903.2,68393
46,0,0,0,0,0,0,0,0,0,0,0,0,0,0,0,0,0,0,0,0,0,0,0,0,0,0,0,0,0,0,0,0,0,0,0,0,0,0,0,0,0,0,0,0,0,0,0,0,0,0,0,0,0,0,0,0,0,0,0,0,0,0,0,0,0,0,0,0,0,0,0,0,0,0,0,0,0,0,0,0,0,0,0,0,0,0,0,0,0,0,0,0,0,0,0,0,0,0,0,0,0,0,0,0,0,0,0,0,0,0,0,0,0,0,0,0,0,0,0,0,0,0,0,0,0,0,0,0
